Name,Address,Province,Postal_Code,Phone,Score
James Walker,2335 Canton Hwy #6,ON,N8N 3N2,519-569-8399,31
Velma Clemons,6 Arch St #9757,NB,E8J 2C4,506-363-1526,43
Kibo Underwood,9547 Belmont Rd #21,ON,K8P 1B3,613-903-7043,81
Louis Mcgee,73 Pittsford Victor Rd,BC,V5Z 3K2,604-334-3686,11
Phyllis Paul,447 Commercial St Se,QC,J7V 4T4,514-487-6096,18
Zenaida Decker,47 Garfield Ave,SK,S9H 4V2,306-421-5793,55
Gillian Tillman,3 Mill Rd,NB,E7A 1T3,506-827-7755,38
Constance Boone,136 W Grand Ave #3,ON,N4B 1C4,519-788-7645,16
Giselle Lancaster,80 Maplewood Dr #34,ON,L3Z 2S4,905-618-8258,73
Kirsten Mcdowell,58 Hancock St,ON,L4G 2J7,905-456-1117,16
Solomon Ray,808 Calle De Industrias,NS,B1H 1Z4,902-256-6791,23
John Marshall,2859 Dorsett Rd,ON,M9L 2T9,416-719-2114,55
Merrill Carney,6857 Wall St,AB,T4R 2H5,403-212-4945,71
Hakeem Gillespie,169 Journal Sq,AB,T5P 1G9,780-639-3619,12
Hayden Boyer,3 E 31st St #77,NB,E3G 0A3,506-978-1488,77
Griffin Mcleod,7 N Dean St,ON,M8Z 3P6,416-716-6446,19
Allistair Patton,85 S State St,ON,L4N 6T7,705-477-2307,57
Rina Slater,100 Main St,AB,T2K 4X5,403-337-7162,78
Caldwell Skinner,6185 Bohn St #72,SK,S0C 2C0,306-291-5073,92
Portia Galloway,2 Sutton Pl S #5727,QC,J9X 3V4,819-536-7034,23
Noelle Valentine,1534 Sidco Dr,AB,T9E 5A6,780-384-5410,62
Abel Clay,4207 Leon Rd,BC,V7L 3X6,604-236-4625,1
Stephanie Kent,7564 N Academy Ave,ON,N6A 1S5,519-790-8660,100
Axel Petty,88 E Saint Elmo Rd,ON,L8R 3J3,905-652-4509,49
Nevada Morales,75 Westchester Ave,QC,H9J 1W6,514-203-7817,41
Fuller Bush,89 W 35th St #1,ON,N8S 3R1,519-912-5533,47
Quinn Mayo,1 Norris Ave #4095,QC,H7W 5K7,450-840-7605,24
Marcia Shepard,5174 Interstate 45 N,AB,T7E 3A7,780-574-5620,33
Kieran Moody,765 Rock Island Rd,ON,N7G 3K6,519-872-6826,45
Brielle Thompson,7979 33  191,NS,B6L 6N1,902-844-1174,41
Hashim Gay,202 Madison Ave,ON,K1Y 1M2,613-749-1169,78
Deborah Roberts,56 Corporate Dr,QC,G9H 1H7,819-255-1725,25
Nomlanga Clarke,37 Us Highway 12e E #6,ON,P6C 2C8,705-838-9265,44
Elaine Downs,6734 W Jackson Blvd,BC,V1E 4G9,250-353-7479,86
Christen Ballard,7 Tomahawk Dr,BC,V7A 3N1,604-231-6180,97
Dacey Baxter,1 Vernon Blvd,AB,T2A 2H9,403-444-2250,35
Nasim Sampson,2726 Franklin Hill Rd,BC,V1T 7V8,250-749-4517,75
Yoshi Sherman,6335 Fort Myer Dr,QC,J2S 2N3,450-526-5424,48
Veda Malone,220 Old Us Highway 441,ON,K9H 6C3,705-417-7221,52
Scarlett Fisher,77 Central Pky N,BC,V2J 1N4,250-768-5812,20
Meredith Parsons,781 Alabama Ave,ON,M8Z 2C1,416-989-2001,32
Jerome Buckley,22 Dearborn St,SK,S4T 4B1,306-524-4509,19
Jacob Foreman,21 E 64th Ave,QC,G4W 3G6,418-348-2107,61
Gisela Robertson,9 N Central Ave,BC,V2S 5R3,604-262-8556,34
Sylvia Kent,38 Douglas Rd E #39,SK,S4R 1J5,306-508-8874,9
Mercedes King,4929 Sidney St #8276,BC,V1T 4A3,250-454-9384,22
Logan Madden,4936 Walcott Rd,SK,S4R 3M1,306-611-7185,46
Ryan Herman,6760 E Fayette St #9,QC,J0K 2N1,450-531-8633,100
Cora Frazier,6638 S Webster St #491,NB,E1V 2N4,506-556-4300,92
Yolanda Carter,4465 James St,ON,N2N 1Y6,519-920-7003,1
